ChannelId,AuthorDisplayName,VideoId,LikeCount,ReplyCount,PublishedAt,TextDisplay
UC4D7lKsxugDtBVo9a0QbpTw,@AkgunDogac,AAlG-L-94wo,81,12,2024-09-28T14:03:29Z,"UmarÄ±m bu video bir Ã§ok kiÅŸiye Youtube otomasyonu hakkÄ±nda faydalÄ± olur. Ä°zlediÄŸiniz iÃ§in teÅŸekkÃ¼r ederim.ğŸ¥·Tek istediÄŸim eÄŸer kÅŸ bu eÄŸitimin faydalÄ± olduÄŸunu dÃ¼ÅŸÃ¼nÃ¼yorsanÄ±z, gÃ¶rÃ¼ÅŸlerinizi instagram postumun altÄ±nda paylaÅŸmanÄ±z. ğŸ™"
UC2ZeTfiiPoBy3PH92qDBIOg,@LWPEnglish,AAlG-L-94wo,0,0,2024-11-10T11:21:37Z,Ã‡ok teÅŸekkÃ¼rler
UCSo3yevAN3ShSQd96R6NHdw,@emiradbelli7023,AAlG-L-94wo,0,0,2024-11-08T10:28:21Z,"Bilgiler iÃ§in Ã§ok teÅŸekkÃ¼rler. BÃ¼yÃ¼k emek...<br>Bir sorum olacaktÄ±. Benim bir finans kanalÄ±m var, tabii iÃ§inde yurt iÃ§i ve yurt dÄ±ÅŸÄ± jeopolitik gelimeleri de deÄŸerlendiriyorum. Kanal kategorisini news&amp;politics seÃ§tim. Acaba yanlÄ±ÅŸ mÄ± yaptÄ±m? DeÄŸiÅŸtirirsem ne yapmalÄ±yÄ±m(analizler de olduÄŸu iÃ§in eÄŸitim diy e dÃ¼ÅŸÃ¼nÃ¼yorum.)  Acaba ÅŸimdi deÄŸiÅŸtirsem gÃ¶sterimlerim azalÄ±r mÄ±? YanÄ±tlarsanÄ±z Ã§ok sevinirim. <br>saygÄ±lar..."
UCnvNHAHdcZUUbTJuMxlXy2g,@Andimprettytipsy,AAlG-L-94wo,0,0,2024-11-08T09:39:24Z,Soyadinii mi degistirdin yoksa hep dogac miydi
UCrnkj6rWdXctTQk8_WzrxuA,@ercan38ortg,AAlG-L-94wo,0,0,2024-11-08T08:51:21Z,ekip ile mi Ã§alÄ±sÄ±yorsunuz
UCVFzz26QB7qjW0sJBXBoLJQ,@Alli-ow4jg,AAlG-L-94wo,0,0,2024-11-08T02:14:24Z,1 saat boÅŸ yapmÄ±ÅŸsÄ±n iÅŸi gÃ¶stermek yerine tam tÃ¼ccarsÄ±n
UCa1bnwDVmsNoAIdlq1-hI5w,@freewalle,AAlG-L-94wo,0,0,2024-11-08T01:39:24Z,Emegine saÄŸlÄ±k abone oldum kardeÅŸim
UCCCAw2Lr459vRpLjlgKKqNQ,@claynoxTR,AAlG-L-94wo,0,0,2024-11-06T21:42:26Z,"Allah iÅŸini rast getirsin, bilgisini Ã¼cretsiz paylaÅŸan birisin."
UC07B_KgexDZsq6eukZhJTmA,@ZerZel00,AAlG-L-94wo,0,0,2024-11-04T10:57:03Z,Ã§ok gÃ¼zel bir video olmuÅŸ tebrik ederim. bir sorum olacaktÄ± yabancÄ± dizilerin kÄ±sa videolarÄ±nÄ± editleyip paylaÅŸmak istiyorum telif yermiyim.
UC2tGF1rqrotKFascUWQyosQ,@sahadansesler2024,AAlG-L-94wo,0,1,2024-11-03T22:16:53Z,"Hocam sizin sayenizde para. kazanmam aÃ§Ä±ldÄ± Ã§ok teÅŸekkÃ¼rler,bir sorum olacak para kazanmam aÃ§Ä±lÄ±nca baÄŸkur borcum Ã§Ä±ktÄ± ne yapmam gerekiyor lÃ¼tfen sorumu cevaplarsanÄ±z sevinirim."
UCmRITMgLNCWEih2dcxliaIQ,@yahyaoner,AAlG-L-94wo,0,0,2024-11-03T03:49:25Z,BaÅŸlangÄ±Ã§lar her zaman zordur sanÄ±rÄ±m bu da bana bir baÅŸlangÄ±Ã§ iÅŸareti oldu<br>DeÄŸerli iÃ§eriÄŸin teÅŸekkÃ¼rlerâ€¦
UCKD9vKL7EPpy_QxmrWgp4cA,@icsiz_adam,AAlG-L-94wo,0,0,2024-11-01T18:27:44Z,Bizim tÃ¼rkler herkes birbirini takip etse youtubenin anasÄ±nÄ± aÄŸlatÄ±r ama insanlarÄ±mÄ±z bencil
UCoZxTD5TXbp7DTOWO9q2OvQ,@Duruistewewa,AAlG-L-94wo,0,0,2024-11-01T17:18:06Z,Abi noldu sana eskiden eglenceli iÃ§erikler Ã§ekerdin Ã§ok bÃ¼yÃ¼k takipÃ§indim ÅŸimdi baktÄ±m hesabÄ±na daha Ã§ok bilgi iÃ§erikleri Ã§ekmeye baÅŸlamÄ±ssÄ±n
UC2vGn3KsDahXIUyPw9Y0yjA,@asil9935,AAlG-L-94wo,0,0,2024-10-31T10:48:57Z,â¤
UCpYfkcSBC1rcK-6OqKBFoyw,@AyseYanikIleSanatAtolyesi,AAlG-L-94wo,0,0,2024-10-31T00:24:21Z,"AkgÃ¼n merhaba â˜ºï¸<br>Ã–ncelikle her gÃ¼n ilgi alanlarÄ±ma gÃ¶re  youtube videolarÄ± izliyorum ve son iki yÄ±ldÄ±r doÄŸru dÃ¼rÃ¼st bir video Ã¼retmememe raÄŸmen ve bu tÃ¼r videolarÄ± izlememe raÄŸmen senin bu videonun karÅŸÄ±ma Ã§Ä±kmasÄ± ilginÃ§ oldu.Ã‡okkk iÃ§ten ve heyecanlÄ± anlattÄ±n, bir sÃ¼redir senin kadar iÃ§ten ve heyecanla anlatan bir iÃ§erik Ã¼reticisi gÃ¶rmedim ve bu konuda daha Ã¶ncesinde yani iki yÄ±l Ã¶ncesine kadar bu tarz videolar izliyordum fakat son iki yÄ±l kadar  bu tÃ¼r video pek izlememe raÄŸmen bu videonu sonuna kadar ilgiyle izledim. Ã‡ok iÃ§ten ve heyecanlÄ± anlattÄ±n ve motive oldum tekrar. AnlattÄ±ÄŸÄ±n pek Ã§ok ÅŸeyi zamanÄ±nda  baÅŸka kanallardan izledim fakat , ilk defa senden duyduÄŸum detaylarda var  ve bunun iÃ§in teÅŸekkÃ¼r ederim,iki yÄ±l olmuÅŸtur doÄŸru dÃ¼zgÃ¼n video Ã¼retmeyeli ,fakat buna raÄŸmen Ã§ok yavaÅŸ olsada  kanalÄ±ma her gÃ¼n yeni katÄ±lan bir kaÃ§ kiÅŸi oluyor .AmacÄ±m emekli olduÄŸumda faydalÄ± bir meÅŸgale olmasÄ± , hem kendime , hem insanlara .Bir sanat kanalÄ± benimki,nsanlara en kÄ±sa sÃ¼rede nasÄ±l zengin olunur videolarÄ± deÄŸil tabi benimkiler ğŸ˜…â˜ºï¸ fakat insanlarÄ±n sanat yoluyla ruhuna hitap eden bir kanal ğŸ¥° Her bir video iÃ§in saatlerce uygulamalÄ± Ã§ekim yapÄ±p, sonrasÄ±nda Ã§ekimleri birleÅŸtirip, editleyip , gÃ¶rsel , yazÄ± , selendirme vb. Video yapmanÄ±n bÃ¼tÃ¼n inceliklerini Ã¶ÄŸrenip emek ve zaman harcadÄ±ÄŸÄ±m bir kanal .Ä°lk zamanlarda videolarÄ±mda soldan giren kanal adÄ±mÄ±n animasyonu iÃ§in Ozan Sihay Ä±n bir videosunu abartmÄ±yorum durdura durdura 50 - 60 kez izlemiÅŸliÄŸim var , fakat sonun da yaptÄ±m .KanalÄ±mÄ±n kapak sayfasÄ±nÄ± , video kapaklarÄ±nÄ± vb .her ÅŸeyini sÄ±fÄ±rdan Ã¶ÄŸrendim ve hepsini kendim yaptÄ±m .SanÄ±rÄ±m emeklerimin yeterince karÅŸÄ±lÄ±ÄŸÄ±nÄ± alamadÄ±ÄŸÄ±mÄ± dÃ¼ÅŸÃ¼ndÃ¼ÄŸÃ¼mden motivayonum da dÃ¼ÅŸtÃ¼ sanÄ±rÄ±m . Para kazanmam aÃ§Ä±lsa da nasÄ±l olacak bilmiyorum , halen devlet memuru olduÄŸum iÃ§in , neyse emekliliÄŸe hazÄ±rlÄ±k diyelim ğŸ˜„ğŸ™ƒ Ã‡ok uzun bir yorum oldu farkÄ±ndayÄ±m ğŸ¤­Yani sonuÃ§ta anlattÄ±ÄŸÄ±n her ÅŸey iÃ§in teÅŸekkÃ¼rler .â˜ºï¸ğŸ™â¤ï¸"
UCgEFd2SgsgxU4m-AordbtfA,@UfukTaÅŸdemir-y8q,AAlG-L-94wo,0,0,2024-10-30T14:15:23Z,"AkgÃ¼n Bey harikasÄ±nÄ±z, mÃ¼kemmel iÃ§erik. TeÅŸekkÃ¼rler"
UCpGstKEhsbsexevVA9E3Nbw,@BeroTTo,AAlG-L-94wo,0,0,2024-10-30T13:03:06Z,Usta bu beleÅŸ yapay zeka video kaÃ§ gunde oluÅŸturuyor
UC5vF6qlt4SUT0nDLUaVa4Fg,@FntstkDcovrs,AAlG-L-94wo,0,0,2024-10-29T21:53:51Z,Ã‡ok teÅŸekkÃ¼rler. Video iÃ§in. BaÅŸarÄ±larÄ±nÄ±n devamÄ±nÄ± dilerim..
UCNPDPe_zcEBFzKP6XrZB0CA,@9MeFe9,AAlG-L-94wo,0,0,2024-10-29T13:26:54Z,Ã–ncelikle verdiÄŸin bilgiler iÃ§in teÅŸekkÃ¼rler. Midjourney tarzÄ± Ã¼cretsiz kullanabileceÄŸimiz text to image program var mÄ±? Karakter tutarlÄ±ÄŸÄ± iÃ§in soruyorum
UC2kgiky3cUVfB50mLOaCfxQ,@yalnizsempanze,AAlG-L-94wo,0,0,2024-10-29T09:18:05Z,AkgÃ¼n bey emeÄŸinize yÃ¼reÄŸinize saÄŸlÄ±k â¤
UCq7MWCY5_TIJa2QiCwvz20w,@TheAmericanNewss,AAlG-L-94wo,0,0,2024-10-29T06:51:56Z,EÄŸitimi aldÄ±m yardÄ±mcÄ± olur musunuz AkgÃ¼n bey
UCIjOqahVYJPg4Cfnnm8CurA,@ebcorr,AAlG-L-94wo,0,0,2024-10-28T11:00:00Z,VerdiÄŸim tÃ¼m bilgiler iÃ§in teÅŸekkÃ¼rler aÄŸabey.
UCXgjbzsuhmHJc2K-H0CMiWg,@oktayakcil7212,AAlG-L-94wo,0,0,2024-10-28T09:08:38Z,ÅAHANE BÄ°LGÄ°LER SÃœPER
UCWZkekVUwDE4GOsAmSqa25Q,@furkanaydemir61,AAlG-L-94wo,1,0,2024-10-26T06:02:29Z,Samimiyetiniz iÃ§in kendi adÄ±ma teÅŸekkÃ¼r ederim
UCt2-3VkV4aESssPmla8dzzw,@Guldurmebeni,AAlG-L-94wo,1,1,2024-10-25T15:32:20Z,Herseyi bir bir ortaya dÃ¶kmÃ¼ÅŸsÃ¼n eline saÄŸlÄ±kğŸ˜Š
UCmtzgbxMtTLSG6E-IptrBdA,@ZAFERBAYNAZOGLU,AAlG-L-94wo,0,0,2024-10-25T08:57:02Z,gÃ¼zel video olmuÅŸ
UC0ebVz9wvQksdH38JU7ffLw,@karimovanar,AAlG-L-94wo,0,0,2024-10-23T17:51:03Z,Abi numarani nasil deyisek
UCKbXJeFKWdSAGtYOy6RqSww,@deucalioon,AAlG-L-94wo,0,0,2024-10-23T16:49:12Z,takibe takip yapacak var mÄ±?
UC8PQXAVtVKL6D_5ZiIH5HeQ,@Guel_K_Kitchen,AAlG-L-94wo,0,0,2024-10-22T23:53:12Z,Evet Ã§ok zor milyonlarca insanlarÄ±n iÃ§inde keÅŸfete dÃ¼ÅŸmekğŸ˜¢
UC5wniVzhiDs7gF0HHHegOfw,@ozandede4240,AAlG-L-94wo,1,0,2024-10-21T18:22:25Z,teÅŸekkÃ¼r ederiz. youtube otomasyon 101 dersi olmuÅŸ..:)
UCApwu9bJQrHrQxC-tCR8-Nw,@Stoparts,AAlG-L-94wo,1,0,2024-10-20T23:04:56Z,"GÃ¼zel bilgiler, teÅŸekkÃ¼r ederiz <a href=""UCkszU2WH9gy1mb0dV-11UJg/ePgfY-K2Kp6Mr8oP1oqAwAc""></a>"
UCxGQri9ppWgh5A6Cx3h-BBg,@MunasibHuseynov1,AAlG-L-94wo,1,0,2024-10-20T19:46:24Z,ARTIK Ä°Ã‡ERÄ°K ÃœRETÄ°CÄ°LERÄ° BAYA Ã‡OÄALDI YÃœKSELMEK DAHADA ZORLAÅTI EMÄ°N OL.
UCxGQri9ppWgh5A6Cx3h-BBg,@MunasibHuseynov1,AAlG-L-94wo,1,0,2024-10-20T19:41:23Z,Mikrofon sesi Ã§ok baslÄ± ve boÄŸuk Ã§Ä±kÄ±yor.
UCqT3FkSaqKDHGPb-Zduin-Q,@Kisa_birmola,AAlG-L-94wo,1,0,2024-10-20T16:23:31Z,AkgÃ¼n aÄŸzÄ±na saÄŸlÄ±k kardeÅŸim ğŸ™
UCEglEf6XbRRqtq3BPgTja3Q,@Serahsii07,AAlG-L-94wo,0,2,2024-10-19T17:11:03Z,KanallarÄ± nasÄ±l satÄ±yoruz? Åifremizi verirken ve parayÄ± alÄ±rken taraflar birbirine nasÄ±l gÃ¼venebilir ki? Bir de modasÄ± geÃ§miÅŸ yani trendk olan ama sonra trendi geÃ§en iÃ§erikleri olan bir kanalÄ± kim almak ister ki?
UCn3D5uY-8MYkJVbeTtYKrCw,@Sivrihoca,AAlG-L-94wo,1,0,2024-10-19T11:24:41Z,"Normalde bu tarz videolarÄ± pass geÃ§erim clikbate oluyor genelde ama videonun ilk dakikasÄ±nda daha samimi bir insanÄ± izlediÄŸimi farkettim. BoÅŸ bir video deÄŸilmiÅŸ emeÄŸine saÄŸlÄ±k.. filipinlerde yaÅŸÄ±yorum 2 defa youtube yaptÄ±m 500k ve 360k abonelerde iki defa kanalÄ± kapattÄ±m hanÄ±mÄ±n kÄ±skanclÄ±ÄŸÄ± yÃ¼zÃ¼nden :D YakÄ±nda bi daha baÅŸlicam ama gerÃ§ekten videonun baÅŸÄ±nda sÃ¶ylediÄŸin gibi iÅŸin en zor kÄ±smÄ± baÅŸlangÄ±Ã§ zamanÄ±.. SonrasÄ± zamanla dÃ¼zeliyor , sponsor vs almaya baÅŸladÄ±kÃ§a gelirlerde artÄ±yor. Ã–nemli olan pes etmemek, stabiliteyi ve kaliteyi bozmamak.. Herkesin zannettiÄŸi gibi youtube gÃ¼l bahÃ§esi olmasada zamanla gÃ¼lbahcesinden fazlasÄ± olacaktÄ±r ama bahÃ§eye emek ve zamanÄ± ciddi bir ÅŸekilde harcamak ve ciddi bir iÅŸ gÃ¶zÃ¼yle bakmak gerekiyor."
UCAxmT-Dkhcq1XWn71DSbyIw,@DÃ¼nyaTuruOfficial,AAlG-L-94wo,0,0,2024-10-19T03:21:02Z,AÅŸÄ±rÄ± Samimi â¤ AÅŸÄ±rÄ± Kaliteli â¤
UC_puAi9evvn3hTSDM86VMbw,@enamli01,AAlG-L-94wo,1,0,2024-10-18T23:09:36Z,YabancÄ± dille video yaptÄ±ÄŸÄ±nda YouTube vergiyi kesip gÃ¶ndermiyor mu
UClYBmRhiRqRxcwY9P_KiKSA,@EyyÃ¼pdolu,AAlG-L-94wo,1,0,2024-10-18T20:53:05Z,TeÅŸekkÃ¼rler ediyorum gerÃ§ekten Ã§ok gÃ¼zel bir video paylaÅŸtÄ±n abi â¤â¤
UCqUqXZ3SUa2F7E9IRWn6PZQ,@PozitifBebe,AAlG-L-94wo,0,0,2024-10-17T23:04:17Z,Hocam merhaba vergi kÄ±smÄ±nÄ± detaylÄ± anlatan bir video bekliyorum tam anlayamadÄ±m ne yapmam lazÄ±m
UCzHqTGBB-Msi4DThUxWFkKA,@yunusdoganyol731,AAlG-L-94wo,0,2,2024-10-17T18:34:59Z,hocam eÄŸitimi satÄ±n aldÄ±m fakat mailime herhangi bir link gelmedi aranmadÄ±m da whatsap destek hattÄ±da baÄŸlanmÄ±yor iletÅŸime geÃ§emiyorum.bana yardÄ±mcÄ± olur musunuz
UCuUUORcO0jyG9lqxBXHpr3A,@leventbaba8081,AAlG-L-94wo,0,0,2024-10-17T16:37:00Z,AkgÃ¼n kardeÅŸim benimde yÄ±llardÄ±r hayalimdi aÃ§Ä±kÃ§asÄ± yapmak istedim ama ozamanlar hiÃ§ bu giriÅŸimci kafasÄ±nda deÄŸildim Ã§ok oyun oynadÄ±m ama paraya dÃ¶nÃ¼ÅŸtÃ¼rmek gibi hiÃ§ aklÄ±mdan geÃ§medi yÄ±llarÄ±m gitti Ã§ok Ã¼zgÃ¼nÃ¼m ÅŸimdi de bir cesaret geldi aÃ§Ä±kÃ§asÄ± baÅŸarÄ±sÄ±z olsam bile yapmak istiyorum ama benim hoÅŸlandÄ±ÄŸÄ±m ÅŸeyler korku hikayeleri korku gerilim filmleri veya slasher filmler dedektif filmleri belgeselleri Ã§ok seviyorum araÅŸtÄ±rma yapmayÄ± seviyorum peygamberler olsun eski hikayeler mÄ±sÄ±r hikayeleri felan olsun fitness yapmayÄ± Ã§ok seviyorum oyun oynamayÄ± bÄ±raktÄ±m sence nasÄ±l hangi konsept de kanal aÃ§malÄ±yÄ±m yoksa hepsini farklÄ± diller ile kanal mÄ± aÃ§mak mantÄ±klÄ± tavsiyen ne olurdu usta asgari Ã¼cret veya bir tÄ±k Ã¼stÃ¼ Ã§alÄ±ÅŸÄ±yorum aile zor durumda birÅŸeyler yapmak istiyorum ama ne yapÄ±cam onu bilmiyorum kafam da senin gibi yÄ±llar sonra da izlensin diye eÄŸitici videolar Ã§ekmek var ama kendim baÅŸarmadan nasÄ±l Ã§ekicem bunu ne tavsiye edersin ?
UCgOztobGlM-C3wH77cI3CNQ,@FikirBabaa,AAlG-L-94wo,0,4,2024-10-17T12:16:42Z,seni hep takip ediyorum dediklerini eÄŸitim almadan da uyguluyorum ama eÄŸitimi almak istiyorum ekibinizin yardÄ±mlarÄ± ile kendi Ã§abamÄ±z ile bir yerlere gelmek istiyorum. ama aklÄ±ma takÄ±lan bir soru var kredi kartÄ±na taksit yapabiliyor muyuz Ã¶deme adÄ±mÄ±nda ?
UCEgP5Uz0ONIhz1D9CAmkuvw,@beforethevet,AAlG-L-94wo,1,0,2024-10-17T09:52:35Z,Ã‡ok faydalÄ± bir yorum olmuÅŸ teÅŸekkÃ¼r ederim ğŸ™
UC9LZnIC3Hp5NF1HIg2lFoEw,@survivorgunlukleri,AAlG-L-94wo,0,0,2024-10-16T23:19:54Z,Ã‡ok iyi anlatmÄ±ÅŸsÄ±n. TeÅŸekkÃ¼rler
UCSoG0nkQO6BkHhn66UaI-3w,@tanaytacerdem,AAlG-L-94wo,8,2,2024-10-16T22:15:21Z,Dehb rahatsÄ±zlÄ±ÄŸÄ±na sahip biri olarak son bir kaÃ§ yÄ±l iÃ§inde  soluksuz izlediÄŸim tek video olabilir. TeÅŸekkÃ¼rler dostum. Ä°yi ki  varsÄ±n.
UCiQYzJuKQMLFdpU9y3SO09Q,@yesil.saha01,AAlG-L-94wo,0,0,2024-10-16T21:03:11Z,Abi iÅŸin yoksa bi bakar mÄ±sÄ±n seninle bir ÅŸey konuÅŸmam lazÄ±m
UC1VOP3g6RvG5yacAqiJ5xDA,@TuttleStacey-m6y,AAlG-L-94wo,0,0,2024-10-16T04:14:15Z,Chanel Heights
UCqA4aI6590x8PQTkSM5CQ_A,@barserdem9486,AAlG-L-94wo,0,0,2024-10-14T12:02:40Z,Ã‡ok teÅŸekkÃ¼rler.
UC4CeOFwsUlXexEdzhx4DQyw,@HK-wu8gx,AAlG-L-94wo,1,0,2024-10-14T07:50:16Z,Abi rahmetli babaannenle Ã§ektiÄŸin videolarÄ± Ã¶zledim gÃ¶rÃ¼rsen bana kalp attt â¤
UC9dQwF13m9NxTfviffyNRjQ,@ahmet5618,AAlG-L-94wo,16,0,2024-10-13T20:27:38Z,Ses tonunuzdaki o hassasiyet geÃ§miÅŸini unutmayan bir adamÄ±n kalbinden gelen gÃ¼zelliÄŸin yansÄ±masÄ±.. Varol..
UCQxFtOYp2HyQAslOd1VjDug,@rasitakyz107,AAlG-L-94wo,0,0,2024-10-13T20:08:08Z,Bu anlattÄ±klarÄ±nÄ±n telefondanda yapÄ±labilir mi yoksa bilgisayarÄ±mÄ± lazÄ±m yapmak iÃ§in ?
UCqDkPrYqnJGTHpNfR6pFIqA,@mertkurt3338,AAlG-L-94wo,2,0,2024-10-13T12:28:47Z,HiÃ§ sÄ±kÄ±lmadan bunalmadan ve kafam karÄ±ÅŸmadan dinlediÄŸim nadir videolardan biri. EmeÄŸine aÄŸzÄ±na yÃ¼reÄŸine saÄŸlÄ±k verdiÄŸim bilgiler iÃ§in teÅŸekkÃ¼r ediyorum ğŸ‘
UCCXsSVW_jqc0TA7tL_TN7GQ,@StayHealthyHacks,AAlG-L-94wo,0,0,2024-10-13T09:10:51Z,HazÄ±rladÄ±ÄŸÄ±m videolarÄ± Elevanlabs ile seslendiriyorum. Video paylaÅŸÄ±rken yapay zekayla Ã¼retilmiÅŸtir kutucuÄŸunu seÃ§meli miyim? VideolarÄ±mÄ±n gÃ¶sterimi bundan olumsuz etkilenir mi? Ne Ã¶nerirsin?
UC2hf3YSfDYyYcaV911FUFyg,@burakgayiip,AAlG-L-94wo,16,0,2024-10-12T16:58:14Z,Genelde herkes eÄŸitimleri paralÄ± yapar fakat ilk defa Ã¼cretsiz bir ÅŸekilde tecrÃ¼belerini paylaÅŸan birini gÃ¶rÃ¼yorum ot gibi Ã¶lmektense yardÄ±mlaÅŸarak hayatÄ±mÄ±zÄ± devam ettirmek iÃ§in gÃ¼zel bir video bu video iÃ§in teÅŸekkÃ¼rler yarÄ±n dediklerini denemeye baÅŸlÄ±cayÄ±m gÃ¼n olcak yapamasam bile samimiyetin saÄŸolsun
UC_TsLIFYaY722j5QKRFCmBg,@bugrakaanturker,AAlG-L-94wo,1,0,2024-10-12T07:42:31Z,"Tam bir giriÅŸimci ruhu ve heyecanÄ±. Enerjin, iÅŸine olan inancÄ±n ve heyecanÄ±n benim geÃ§miÅŸteki yansÄ±mam gibi. Seni tanÄ±dÄ±ÄŸÄ±ma Ã§ok mutlu oldum. Ben de geÃ§miÅŸte Youtube Ã¼zerinden iÃ§erik Ã¼retip paylaÅŸtÄ±m fakat Ã§ok kÄ±sa sÃ¼rede kanalÄ± kapattÄ±m. SonrasÄ±nda Ã¼niversitede mobil oyun sektÃ¶rÃ¼ne girdik ama dersler sÄ±navlar derken ekibi daÄŸÄ±tmak zorunda kaldÄ±k. Mezun olduktan sonra Play Store Ã¼zerinden akÄ±llÄ± saat temalarÄ± yapÄ±p paylaÅŸtÄ±m fakat orada da politikalar Ã§ok acÄ±masÄ±z hale gelmiÅŸ. Her ÅŸeye ban atar olmuÅŸlar. AÃ§Ä±klamalarÄ±nda hangi politikanÄ±n ihlali olduÄŸunu bile yazmÄ±yorlar. Yani her denemem bir ÅŸekilde yarÄ±m kaldÄ±. ğŸ˜„<br><br> Tekrar neler yapabilirim diye araÅŸtÄ±rÄ±rken videona denk geldim ve tamamÄ±nÄ± izledim. Enerjin, benim ateÅŸi sÃ¶nmÃ¼ÅŸ kÃ¶mÃ¼rÃ¼mÃ¼ tekrar alevlendirdi. Ä°ÅŸte bÃ¶yle umut dolu olmalÄ±yÄ±z. Motivasyonumuz yÃ¼ksek olmalÄ± ve Ã¼retmeliyiz. HarikasÄ±n ve Ã§ok teÅŸekkÃ¼rler. Åimdi sitedeki eÄŸitimlere bir gÃ¶z atacaÄŸÄ±m. <br><br>(DÃ¼zenleme: AÃ§Ä±klamadaki siteye tÄ±klayÄ±n arkadaÅŸlar google Ã¼zerinden aratÄ±nca bakÄ±m Ã§alÄ±ÅŸmasÄ± yapÄ±lan bir site Ã§Ä±kÄ±yor)"
UCPm2AOMFxcGM6HOSS3AUWJQ,@berkfurkanaydngoz1488,AAlG-L-94wo,5,0,2024-10-11T11:27:13Z,Niye bilmiyorum ama dostum dinlediÄŸim iÃ§erik Ã¼reticilerinin arasÄ±nda en samimi gelen kiÅŸi sensin ve bize bu bilgileri bedavaya vermen Ã§ok deÄŸerli teÅŸekkÃ¼rler.
UCSBbAc1-LL7DkbHTciX0sLA,@KOMEDÄ°LÄ°_DÃœNYAM,AAlG-L-94wo,0,0,2024-10-10T17:45:51Z,TeÅŸekkÃ¼rlerrrr â¤
UCGFh1vHFCEqnKKerrFvLG5g,@Merves_Works,AAlG-L-94wo,0,0,2024-10-10T11:09:30Z,"<a href=""https://www.youtube.com/watch?v=AAlG-L-94wo&amp;t=2577"">42:57</a>   peki benim youtube camiasÄ±na 2 saatlik video ile giriÅŸim ve asla izlenmemesi :D ama doÄŸru insan edit yaparken artÄ±k kusacak gibi oluyor. buradan bayaa faydalandÄ±m ÅŸuan, teÅŸekkÃ¼r ederim, sevgiler :)"
UCMy6mVKZziDp0rrkAzpcL1A,@endlesjourney3477,AAlG-L-94wo,0,0,2024-10-10T10:59:01Z,Abi niye aÄŸlÄ±yon
UCWuu-2PLcrlwHRS-GS26mTQ,@DERYABEYZANUROZDEMIR,AAlG-L-94wo,0,0,2024-10-10T09:39:14Z,"AkgÃ¼n Bey ben sizi yeni tanÄ±dÄ±m. PaylaÅŸÄ±m iÃ§in teÅŸekkÃ¼r ederim. Ä°nternet sayfanÄ±za ÅŸimdi baktÄ±m ama sanÄ±rÄ±m bakÄ±m Ã§alÄ±ÅŸmasÄ±nda. Merak ettiÄŸim bir konu var bu sayfadan baÅŸka sayfanÄ±z var mÄ±? Youtube ile ilgili kanal aÃ§ma-yÃ¶netme konusunda bilgim az, ne tarz Ã§alÄ±ÅŸmalar yapÄ±ldÄ±ÄŸÄ±nÄ± merak ediyorum. Bir diÄŸer merak ettiÄŸim konu da eÄŸitimleriniz.. Ä°lk fÄ±rsatta almayÄ± dÃ¼ÅŸÃ¼nÃ¼yorum"
UCYQkkR-inmQH8LEYCUdYvUg,@bilmert51,AAlG-L-94wo,1,1,2024-10-09T23:08:54Z,Bu video iÃ§in Ã§ok teÅŸekkÃ¼r ederim. Ne zamandan beri YouTube iÃ§erik Ã¼retme isteÄŸim vardÄ±. NasÄ±l baÅŸlayacaÄŸÄ±mÄ± bilmiyordum. Bu 1 saatlik video bile bazÄ± ÅŸeyleri anlamamÄ± kolaylaÅŸtÄ±rdÄ±. Belirtilen analiz siteleri belli bir Ã¼creti var. Bunu ayarlanabilirse ve burada anlattÄ±ÄŸÄ±nÄ±z gibi ilerlendiÄŸinde nokta atÄ±ÅŸÄ± bir iÅŸ olacak. HeyecanlÄ±yÄ±m. Bu baÅŸlangÄ±Ã§ iÃ§in teÅŸekkÃ¼r ederim. UmarÄ±m motivasyonum aynÄ± kalÄ±r. Kendine sevgiyle bak...
UCsIlePMdL2wzTNfkVXGfp5g,@BarberC,AAlG-L-94wo,0,0,2024-10-09T22:05:49Z,kral sewiliyosun teskurler hersey icin cansin.Bende bir turlu tutturamiyanlardanim video izledim deniycem tesekkurler
UC95sRBrckFUzzhfgTq1x7eg,@PamukSkr,AAlG-L-94wo,0,0,2024-10-09T16:42:13Z,Ya lÃ¼tfen yardÄ±mcÄ± olun ben kanalÄ±mÄ± doÄŸruluyamÄ±yorumğŸ˜¢
UCNqCR0qcqTwTBtXVnHiYx5A,@muradiyevarol1969,AAlG-L-94wo,1,1,2024-10-08T22:09:44Z,"ÅŸu ana kadar izlediÄŸim en aÃ§Ä±klayÄ±cÄ± video olmuÅŸ, emeÄŸinize saÄŸlÄ±k. Ã‡ok faydalÄ± bilgilendirici bir video olmuÅŸ."
UCCXsSVW_jqc0TA7tL_TN7GQ,@StayHealthyHacks,AAlG-L-94wo,0,0,2024-10-08T10:22:52Z,Tavsiyeleriniz Ã¼zere bir ingilizce kanal aÃ§tÄ±m ve geliÅŸmeye gayret ediyorumğŸ‰ğŸ‰ğŸ‰
UCjLD_euBNzNb9S_7H362lxw,@hakansahin2416,AAlG-L-94wo,1,0,2024-10-07T22:27:01Z,Ã‡ok dolu dolgun bir video olmuÅŸ belliki YouTube da kazandiÄŸin her parayi hakediyorsun baÅŸarilarinin devamÄ±nÄ± dilerim TeÅŸekkÃ¼rler
UCamNrPOFl0X2dR4NvlyYQ5g,@oabbasov6676,AAlG-L-94wo,0,0,2024-10-07T18:38:24Z,Sesis bir gorsel para kazandiryormu? Mesela TV kapak fotoÄŸrafÄ±
UCz3Px8rTEbMXy7IPnDSqAnQ,@teyyaryt,AAlG-L-94wo,0,0,2024-10-07T10:11:40Z,Abi merhaba bir sorum olacak 17 yaÅŸÄ±ndayÄ±m ve ne yazÄ±kki bilgisayarÄ±m yok telefonla olmazmÄ± bu iÅŸ? Telefonda pek iyi 1 telefon degil
UCSHhzBocK2tP0ihwo0ofDDw,@rumeysa7754,AAlG-L-94wo,1,0,2024-10-07T10:07:14Z,"AkgÃ¼n, ben senin Ã§oook eski takipÃ§ilerindenim. HesaplarÄ±nÄ± kapattÄ±n ortadan yok oldun 2 yÄ±l gÃ¶remedim seni. Sonra bugÃ¼n karÅŸÄ±ma Ã§Ä±ktÄ±n. BaÅŸarÄ±larÄ±n, geliÅŸimin beni Ã§ok mutlu etti. Senin adÄ±na Ã§ok sevindim. <br>Ve bu video tam ihtiyacÄ±m olan zamanda karÅŸÄ±ma Ã§Ä±ktÄ±. Ä°ÅŸsizlikten, maddi sorunlar yÃ¼zÃ¼nden psikolojik sorunlar yaÅŸadÄ±ÄŸÄ±m bir dÃ¶nemdeyim. UmarÄ±m bu bir iÅŸarettir. UmarÄ±m beni hayata tekrar dÃ¶ndÃ¼rmeyi saÄŸlarsÄ±n."
UCAeERyc6JFDiW6h9GNcr6fw,@bukettMrly,AAlG-L-94wo,1,0,2024-10-06T21:58:05Z,"Akgun seni eskiden izleyen biriyim onceden videolarinda cok eÄŸlenceli , enerjisi yuksek biriydin tabi herkes hayatinda degisiklikler yapabilir hatta kendisi degisebilir ama seni Ã¶zledim  aÃ§Ä±kcasÄ±"
UCvJtfIThbffOjpFWTaIUSNg,@Alyssa_alis,AAlG-L-94wo,1,0,2024-10-06T21:39:49Z,Uzun zaman sonra seni gÃ¶rmek beni Ã§ok mutlu etti AkgÃ¼n abi ilk takipÃ§ilerindenim ilk hesabÄ±ndan beri iyi olmana ve iÅŸine devam etmene Ã§ok mutlu oldum Ã§ok seviliyorsun bunu hiÃ§ unutma â¤
UC6FauxwI3wqDPwZAxQek9Dg,@isevilaykose,AAlG-L-94wo,1,0,2024-10-05T22:22:09Z,"akgÃ¼n bey, bu mÃ¼kemmel video iÃ§in Ã§ok teÅŸekkÃ¼rlerrğŸ˜‡"
UC0CmUgrarVPsyJWL1VVKn-g,@Motivatedanime1,AAlG-L-94wo,0,0,2024-10-05T21:47:14Z,KardeÅŸim ilk Ã¶nce baÅŸarÄ±lar dilerim ve varolasÄ±n Bir soru sorucam cevaplarsan sevinirim ben suno ai ile ÅŸarkÄ± yapÄ±b editleyip bir Ã§ocuk kanalÄ± aÃ§arsam para kazanmada sorun Ã§ikarirmi yani sozler bana ait olacak Ã§ocuk veya sadece muzik ÅŸuanda Ã§unki Ã§ocuk kanalimi yapmiÅŸim ve guzel irelliyor cevaplarsan sevinirim ÅŸimdiden teÅŸekkÃ¼rler
UC4CB2tKHdx7azSbGN0F04Ig,@KeremCanÃ–ztÃ¼rk-w3q,AAlG-L-94wo,1,0,2024-10-05T19:44:19Z,Videoyu tek saniye ileri almadan izledim net olarak ÅŸunu sÃ¶ylemek isterim samimiyetine Ã§ok inanÄ±yorum anlatÄ±mlarÄ±nda iÃ§ten ve samimi olduÄŸunu gÃ¶rebiliyorum birilerinin elinden tutmak istediÄŸin net allah yolunu bahtÄ±nÄ± aÃ§Ä±k etsin kardeÅŸim
UCoIkBanlA0Z2HjM0Ful19mw,@sanylmaz8020,AAlG-L-94wo,0,0,2024-10-05T19:04:47Z,NiÅŸimizi nasÄ±l daha rahat seÃ§ebiliriz
UCp5G_FKBmsP_iIzQ1zVGQ7g,@HasanKocaeren,AAlG-L-94wo,0,0,2024-10-05T13:08:34Z,VÄ°DEO KAPAK RESMÄ°NÄ° NASIL YAPARIZ EN Ä°YÄ° ÅEKÄ°LDE. ?
UCqzBhA8zyrk9Q0rfsq469VA,@kanlca1449,AAlG-L-94wo,1,0,2024-10-05T08:35:56Z,Samimiyetine ve bizler iÃ§in gÃ¶sterdiÄŸin gayrete inanÄ±yorum. TÃ¼m kalbimle iÃ§tenlikle teÅŸekkÃ¼r ediyorum.
UCbaTyh4yp2zoKqh-PJ9OhpA,@shortviralaz,AAlG-L-94wo,0,0,2024-10-05T08:18:07Z,merhaba abi. Faydali iÃ§eriklerin iÃ§in teÅŸekkÃ¼r ederim. FarklÄ± konudan bir sorum olucak.baÅŸka bir paylaÅŸdÄ±ÄŸÄ±n videoda her hangi kanalÄ±n para kazanma etkinliÄŸini kontrol etmiÅŸdin (kapalÄ± aÃ§Ä±k olduÄŸunu) .bunu nasÄ±l tespit ede bilirim? Yardimci olursan sevinirim teÅŸekkÃ¼rler
UC8Ix9crfPL8oVnAx6fY2HnA,@FeridFerid-y4b,AAlG-L-94wo,0,0,2024-10-04T22:23:40Z,Ne oyretelim sayumini markarkalari ya cin elktronikada bulnar yada boyuk telefon dukanarida olar ekran ya xarab olar yada desiler isdiyirse 1000 tele kazan isne yaramadikca para neyelazim el cirki ede at bir kenara
UCmLGMNKXxibABLQKqTY_1fA,@sever290,AAlG-L-94wo,1,0,2024-10-04T16:15:49Z,Sizi Ã§ok uzun zamandÄ±r takip ediyorum AkgÃ¼n bey ve bana YouTube olsun Instagram olsun En samimi ve En dÃ¼rÃ¼st kanal sahibi olarak geliyorsunuz bu eÄŸitim videonuzu bizimle paylaÅŸmanÄ±z bile ne kadar yÃ¼ce gÃ¶nÃ¼llÃ¼ olduÄŸunuzu gÃ¶steriyor. BazÄ±larÄ± gibi herkesin bildiklerini bize pazarlamayÄ±p bilmediklerimizi bize sunuyorsunuz Ã§ok teÅŸekkÃ¼rler ğŸ˜Š
UCaPwvxojhbcT6MKTXYnAViQ,@muratcanokdem,AAlG-L-94wo,1,0,2024-10-04T13:59:47Z,selam kardesÄ±m tum videolarÄ±nÄ± izledÄ±m ve baslÄ±yacam bÄ±r sorum olucak aklÄ±mda 3 4 tane nÄ±s fÄ±kÄ±r var tek yotube hesabnÄ±ndan mÄ± 3 4 kanal acmalÄ±yÄ±m yoksa kanallarÄ±mÄ±n hepsÄ±nÄ± Ä±cÄ±n ayrÄ± youtube hesabÄ±mÄ± acmalÄ±yÄ±m
UC6q8WRJ9IqmUhcBuwMB2fTA,@extremehoarderclean,AAlG-L-94wo,1,0,2024-10-04T08:54:33Z,"Mesela bir shorts kanalÄ± aÃ§Ä±yorum, ilk videom 500 kÃ¼sÃ¼r izleniyor aha tutturdum konsepti diyorum, ikinci gÃ¼n attÄ±ÄŸÄ±m video 0 izlenme alÄ±yor. nerede yanlÄ±ÅŸ yapÄ±yor olabilirim sizce? aynÄ± konseptten devam ediyorum farklÄ± alakasÄ±z bir video atmÄ±yorum."
UCGuEfCFCOyTue5ZAS9kxEfg,@FunNatureLand,AAlG-L-94wo,0,1,2024-10-04T01:52:34Z,"BalÄ±klamasÄ±na daldÄ±ÄŸÄ±m ve cahilce girdiÄŸim kanal aÃ§ma olayÄ±nda, kanal aÃ§tÄ±ktan sonra  bazÄ± ÅŸeyleri Ã¶ÄŸrenme aÃ§Ä±sÄ±ndan gezindiÄŸim ortalama 10-15 gÃ¼nlÃ¼k sÃ¼re iÃ§erisinde, ilk kez birinin gerÃ§ekten Ã§ok ama Ã§ok ciddi emek verip  en ince ayrÄ±ntÄ±sÄ±na kadar anlatmÄ±ÅŸ oluÄŸunu gÃ¶rdÃ¼m,  keÅŸke aptallÄ±k edip direkt  kanal aÃ§madan evvel  karÅŸÄ±laÅŸmÄ±ÅŸ olsaydÄ±m, benim gibi bu tarz konularda cahil kiÅŸileri aydÄ±nlatma adÄ±na videolar Ã¼retmelisiniz diye dÃ¼ÅŸÃ¼nÃ¼yorum, daha yeniyim sizi de yeni gÃ¶rdÃ¼m belki vardÄ±r videolarÄ±nÄ±z ama  sadece bu videonuzu izlediÄŸim iÃ§in buna direkt yorum yaptÄ±m.. Ã§ok uzatmayayÄ±m teÅŸekkÃ¼rÃ¼ hak eden  iÅŸi bilen ve gereksiz REKLAM KOKMAYAN anlatÄ±mÄ±nÄ±z iÃ§in teÅŸekkÃ¼rler, Ã¶yle sesini deÄŸiÅŸtirme gayesi, Ã§ocuksu hareketler v.s olmadÄ±ÄŸÄ± iÃ§in sadece olay ile ilgili bilgi verme amacÄ±nÄ±zÄ±  beÄŸendim... emeÄŸinize saÄŸlÄ±k kolay gelsin."
UC3EmuZzMnMRuqv6dlgh-aBw,@themis.6669,AAlG-L-94wo,0,0,2024-10-03T18:21:45Z,GerÃ§ekten emeÄŸine saÄŸlÄ±k ğŸ‘ğŸ»
UCGykyBh1pY-vjJqAanZMRZQ,@MineGirgin-bv5hf,AAlG-L-94wo,0,0,2024-10-03T17:56:15Z,HarÄ±kasÄ±nğŸ‰ğŸ‰ğŸ‰ğŸ‰ğŸ‰ğŸ‰ğŸ‰ğŸ‰ğŸ‰ğŸ‰ğŸ‰ğŸ‰ğŸ‰ğŸ‰ğŸ‰ğŸ‰ğŸ‰ğŸ‰ğŸ‰ğŸ‰ğŸ‰ğŸ‰ğŸ‰ğŸ‰ğŸ‰â¤â¤â¤â¤â¤â¤
UCpQhlIjQs4XvpeaDBvzevmg,@volkanbasbuyuk,AAlG-L-94wo,0,2,2024-10-03T14:18:39Z,"selam AKGÃœN hocam Ã¶ncelikle bu eÄŸitim videosu iÃ§ibn teÅŸekkÃ¼r ederim.gÃ¶sterdiÄŸiniz bu yol bir Ã§ok kiÅŸiye ilham oldu bende o kiÅŸilerdenim.sizin kanalÄ±nÄ±zla baÅŸladÄ± bu iÅŸi Ã¶ÄŸrenme sÃ¼recim .ve sadece programlarÄ±n free Ã¼cresiz Ã¶zellikleriye yaklaÅŸÄ±k 120 video yaptÄ±m 10 ayrÄ± kanal oluÅŸturcam,etap etap sÄ±rayla.belki bir Ã§oÄŸu Ã§Ã¶p olucak ama ,bu iÅŸin yapÄ±labilirliÄŸini 0 dan 1 e gelebilme ruhunu sizin sayenizde edindim.ÅŸuan anadan doÄŸma bir bebek gibi emeklemeye Ã§alÄ±ÅŸÄ±yorum,sonrasÄ± gelicektir diye hergÃ¼n 3-4 saatimi vermeye Ã§alÄ±ÅŸÄ±yorum.Ã§oooook teÅŸekkÃ¼rler tekrardan.iyiki varsÄ±nÄ±z"
UCL9tmwWxAtvUGMkjs5ItALg,@sevdaartuc8694,AAlG-L-94wo,1,0,2024-10-03T08:41:36Z,teÅŸekkÃ¼r ederiz
UC_9XZV73MuKci4RlRUa0gyw,@mental_monsters1,AAlG-L-94wo,1,0,2024-10-03T07:57:42Z,AynÄ± shorts videosunu birden fazla paylaÅŸÄ±nca YouTube bu konuda ne yapÄ±yor anlÄ±yor mu? PaylaÅŸmak yanlÄ±ÅŸ mÄ±
UC_9XZV73MuKci4RlRUa0gyw,@mental_monsters1,AAlG-L-94wo,0,0,2024-10-03T07:54:13Z,Abi Telif sorununu nasÄ±l Ã§Ã¶zeceÄŸiz.Telife dair detaylÄ± bir video yapar mÄ±sÄ±n? MÃ¼zik kullanma vs vs Allah razÄ± olsun
UCCx1AgekYo5e3mEexNDBJcQ,@socialhorhorsfilims,AAlG-L-94wo,1,0,2024-10-02T20:55:41Z,Abi bir konu hakkÄ±nda yardÄ±mÄ±na ihtiyacÄ±m var  abi senin sayende yabancÄ± Kanal kurdum ve Ä°ngilizceyi dilinde korku videolarÄ± yapmaya baÅŸladÄ±m yuotob perimum da satÄ±n aldÄ±m oradaki telifsiz iÃ§erikler iÃ§in ama  indirdiÄŸim videolarÄ± capcupa gÃ¶ndermediÄŸim iÃ§in yarÄ±da bÄ±raktÄ±m nasÄ±l yapabilirim bu konuda bana yardÄ±mcÄ± olabilir misiniz
UCwAjJREvDuLpiL_9hj9LFqQ,@bensemihtopuz,AAlG-L-94wo,1,0,2024-10-02T19:14:14Z,Hocam ben kanalÄ± ilk aÃ§tÄ±ÄŸÄ±mda farklÄ± bir konseptte aÃ§tÄ±m fakat ÅŸimdi konsepti deÄŸiÅŸtirmek istiyorum diyelim. Bu kanaldaki tÃ¼m videolarÄ± silip yeni videolarla mÄ± devam etmeliyim yoksa yeni konsept iÃ§in farklÄ± bir kanal mÄ± aÃ§malÄ±yÄ±m veya ÅŸuan az abonem olduÄŸu iÃ§in videolarÄ± silmeden yeni konseptte videolara devam etmelimiyim?
UCed7e39ytQV1aTOOuPIhE0A,@ilkerozkan3375,AAlG-L-94wo,0,0,2024-10-02T12:31:21Z,Merhaba teÅŸekkÃ¼rlerğŸ™ ama nerden baÅŸlaya Ã§aÄŸÄ±nÄ± bilmiyorumğŸ˜¢
UCumpq3bEpo61zCLvStW4Jtg,@GamingVideos010,AAlG-L-94wo,1,0,2024-10-02T10:23:32Z,Abi shorts atsakda olur mu
UCOw7xdEg0C9GxDTkdKE7IQQ,@vsqueencombat,AAlG-L-94wo,1,0,2024-10-01T20:04:04Z,Ã‡ok samimi bir yÃ¼zÃ¼n var doÄŸal ve Ã¶ÄŸretici video Ã§ekmen Ã§ok gÃ¼zel sen bunlarÄ± boÅŸverip normalde 10 tane kanalÄ± aynÄ± anda yÃ¶netiyorsun belki ama bize yardÄ±m ettiÄŸin iÃ§in teÅŸekkÃ¼r ederim kendi adÄ±ma bende bu iÅŸe baÅŸladÄ±m umarÄ±m baÅŸarÄ± bizimle olur can dostum adamsÄ±n â¤ï¸
UC3YI3C4oy0WF1Pqzz9N0pWg,@emreyesilyurt68,AAlG-L-94wo,1,2,2024-10-01T16:27:03Z,Devlet memuru olarak utube dan gelir etmem sÄ±kÄ±ntÄ±lÄ±. Gelir kazanmayÄ± aÃ§arak ama hesaba Ã§ekmeden kumbara mantÄ±ÄŸÄ± ile utube da biriktirebilir miyim ? Belirli bir seviye Ã¼stÃ¼nde iÅŸten Ã§Ä±karak birikmiÅŸ parayÄ± almak gibi bir imkanÄ±m olur mu ?
UCYZf_hC9Cb3y8E6eULRjIZQ,@erenozen2903,AAlG-L-94wo,3,2,2024-10-01T14:27:30Z,akgÃ¼n abi seni 2018den beri tanÄ±rÄ±m. hatta memleketim tekirdaÄŸa geldiÄŸin zaman en yakÄ±n arkadaÅŸÄ±mla fotoÄŸraf Ã§ekilmiÅŸliÄŸin vardÄ±. avmlerde az aramadÄ±k seni :) ÅŸimdi ise sen bize eÄŸitim veriyorsun. bir sonraki videolarÄ±nda youtube kanal ve video Ã¶rnekleriyle neredeyse bÃ¼tÃ¼n kategorilere gÃ¶re 1 saatlik video yaparsan Ã§ok iyi olur. mantÄ±ÄŸÄ± anlamÄ±ÅŸ oluruz
UCvjafZo1ebd6II-Zlx0owFw,@dizilogy,AAlG-L-94wo,1,3,2024-10-01T13:51:55Z,Devlet memurlarÄ± ne yapmalÄ± bu konuda da bilgilendirme yaparsanÄ±z sevinirim.
UC6oRn0ObGG2u6za2xbE4law,@4HistoryPages,AAlG-L-94wo,1,0,2024-10-01T11:53:13Z,O kadar kanal takip ediyoruz bir ÅŸeyleri gÃ¶rÃ¼p Ã¶ÄŸrenelim bizde bir yerden baÅŸlayalÄ±m diye ama senin kadar bu kadar net bir ÅŸekilde bilgilerini paylaÅŸana henÃ¼z denk gelmedim.. tebrik ederim teÅŸekkÃ¼r ederim kardeÅŸim..iyi ki senin gibi ADAMlar var
UCI5QSLmgir43WYwJnVTs4ng,@dusunduren_gercekler,AAlG-L-94wo,1,0,2024-10-01T11:42:56Z,Yeni bir kanal aÃ§tÄ±m ve bÃ¼yÃ¼tmek iÃ§in Ã§abalÄ±yorum doÄŸru tekniklerle ve farkÄ±ndalÄ±ÄŸÄ±m arttÄ± diyebilirim:)<br>TeÅŸekkÃ¼r ederim faydalÄ± iÃ§eriklerle bilgilendirme yaptÄ±ÄŸÄ±nÄ±z iÃ§in.
